round,t,secsLeft,btc,strike,upProb,height
1,3.2,14.8,79334.125,79317.05,0.943,
1,4.5,13.6,79342.01500000001,79317.05,0.959,
1,7.2,10.9,79341.845,79317.05,0.9715,
1,9.2,8.9,79336.32,79317.05,0.9545,
1,10.4,7.6,79337.4,79317.05,0.9665,
1,11.8,6.3,79336.095,79317.05,,
1,12.9,5.2,79338.845,79317.05,,
1,14.1,4.0,79338.845,79317.05,,
1,15.3,2.8,79338.40000000001,79317.05,,
1,16.6,1.5,79339.1975,79317.05,,
1,17.8,0.3,79334.90500000001,79317.05,,
1,18.9,0.0,79334.93000000001,79317.05,,
2,22.3,55.8,79333.565,79334.93,,
2,23.5,54.6,79335.65,79334.93,0.45,0.5
2,24.7,53.4,79335.65,79334.93,0.45,0.5
2,25.8,52.3,79335.7,79334.93,0.45,0.5
2,27.0,51.1,79335.7,79334.93,0.45,0.5
2,28.1,49.9,79335.7,79334.93,0.45,0.5
2,29.3,48.8,79335.75,79334.93,0.45,0.5
2,30.5,47.6,79335.75,79334.93,0.45,0.5
2,31.7,46.4,79335.84999999999,79334.93,0.45,0.5
2,32.9,45.2,79335.95,79334.93,0.445,0.4944135821733974
2,34.0,44.0,79336.09999999999,79334.93,0.469,0.5206658129389458
2,35.2,42.9,79336.17499999999,79334.93,0.469,0.5206658129389458
2,36.4,41.7,79335.65,79334.93,0.469,0.5206658129389458
2,37.6,40.4,79334.685,79334.93,0.469,0.5206658129389458
2,38.9,39.2,79330.55,79334.93,0.469,0.5206658129389458
2,40.1,38.0,79328.185,79334.93,0.319,0.33445298608760243
2,41.2,36.8,79324.74999999999,79334.93,0.319,0.33445298608760243
2,42.4,35.7,79324.74999999999,79334.93,0.319,0.33445298608760243
2,43.6,34.5,79324.74999999999,79334.93,0.312,0.32464881738504026
2,44.8,33.3,79324.74999999999,79334.93,0.307,0.31760511408631537
2,46.0,32.1,79328.04999999999,79334.93,0.307,0.31760511408631537
2,47.1,30.9,79328.04999999999,79334.93,0.301,0.30911187611096513
2,48.3,29.8,79328.04999999999,79334.93,0.301,0.30911187611096513
2,49.5,28.6,79328.11750000001,79334.93,0.295,0.3005785338053708
2,50.7,27.4,79328.11750000001,79334.93,0.289,0.2920100272357623
2,51.8,26.2,79328.04999999999,79334.93,0.289,0.2920100272357623
2,53.0,25.1,79328.185,79334.93,0.2815,0.28125795829344014
2,54.2,23.9,79328.185,79334.93,0.2815,0.28125795829344014
2,55.4,22.7,79328.185,79334.93,0.2735,0.26974988482783685
2,56.6,21.5,79328.04999999999,79334.93,0.2655,0.25821526592982713
2,57.7,20.3,79328.04999999999,79334.93,0.2655,0.25821526592982713
2,58.9,19.2,79328.185,79334.93,0.255,0.2430613961312027
2,60.2,17.9,79328.11750000001,79334.93,0.2495,0.23512820101208587
2,61.5,16.6,79328.04999999999,79334.93,0.244,0.22720542215573425
2,62.7,15.4,79328.04999999999,79334.93,0.231,0.20855464490485065
2,63.9,14.2,79328.04999999999,79334.93,0.224,0.19857841662840947
2,65.1,13.0,79328.04999999999,79334.93,0.217,0.188666167178842
2,66.2,11.8,79328.04999999999,79334.93,0.2085,0.17673640014269898
2,67.4,10.7,79328.04999999999,79334.93,0.5815,0.6254454771154123
2,68.6,9.5,79328.04999999999,79334.93,0.5765,0.6213907672632956
2,69.8,8.3,79339.34999999999,79334.93,0.914,0.8048937465796188
2,71.0,7.1,79349.015,79334.93,,
2,72.1,5.9,79353.95,79334.93,,
2,73.3,4.8,79354.09999999999,79334.93,,
2,74.5,3.6,79362.815,79334.93,,
2,75.7,2.4,79362.815,79334.93,,
2,76.9,1.2,79366.675,79334.93,,
2,78.1,0.0,79366.675,79334.93,,
2,79.2,0.0,79372.975,79334.93,,
3,82.5,55.6,79354.77500000001,79372.97,,
3,83.7,54.3,79355.84999999999,79372.97,,
3,84.9,53.2,79356.75,79372.97,0.203,0.5
3,86.1,52.0,79355.19499999999,79372.97,0.203,0.5
3,87.3,50.8,79356.1,79372.97,0.1965,0.4837339680849398
3,88.5,49.6,79355.12,79372.97,0.313,0.703911537743034
3,89.7,48.4,79359.55,79372.97,0.313,0.703911537743034
3,90.8,47.2,79362.895,79372.97,0.2735,0.644784449783965
3,92.0,46.1,79362.895,79372.97,0.1885,0.46301369863013697
3,93.2,44.9,79353.51000000001,79372.97,0.1885,0.46301369863013697
3,94.3,43.7,79353.475,79372.97,0.1815,0.44425751420239035
3,95.5,42.5,79352.05,79372.97,0.1815,0.44425751420239035
3,96.7,41.4,79351.02500000001,79372.97,0.137,0.31293140818300036
3,97.9,40.2,79351.02500000001,79372.97,0.137,0.31293140818300036
3,99.1,39.0,79345.73,79372.97,0.129,0.2876577355229041
3,100.3,37.8,79343.1375,79372.97,0.062,0.0853217321820966
3,101.4,36.6,79343.27500000001,79372.97,0.062,0.0853217321820966
3,102.6,35.4,79343.3,79372.97,0.062,0.0853217321820966
3,103.8,34.3,79343.1375,79372.97,0.056,0.07071823204419891
3,105.0,33.1,79343.1375,79372.97,0.056,0.07071823204419891
3,106.2,31.9,79343.27500000001,79372.97,0.05,0.05719645839529619
3,107.3,30.7,79343.95,79372.97,0.05,0.05719645839529619
3,108.5,29.6,79343.95,79372.97,0.05,0.05719645839529619
3,109.7,28.4,79344.34999999999,79372.97,0.043,0.04294207812717726
3,110.8,27.2,79345.405,79372.97,0.053,0.06381480303512199
3,112.0,26.1,79346.04999999999,79372.97,0.053,0.06381480303512199
3,113.2,24.9,79347.90000000001,79372.97,0.0455,0.04783470138692325
3,114.4,23.7,79349.09499999999,79372.97,0.031,0.022788712354754548
3,115.5,22.5,79341.85,79372.97,0.013,0.0040842960027067665
3,116.7,21.4,79333.825,79372.97,0.013,0.0040842960027067665
3,117.9,20.2,79333.825,79372.97,0.013,0.0040842960027067665
3,119.0,19.1,79333.825,79372.97,0.025,0.014940000956160049
3,120.2,17.9,79335.0875,79372.97,0.025,0.014940000956160049
3,121.4,16.7,79336.35,79372.97,0.025,0.014940000956160049
3,122.7,15.4,79334.85,79372.97,0.025,0.014940000956160049
3,124.5,13.6,79335.15000000001,79372.97,0.025,0.014940000956160049
3,127.1,11.0,79338.8225,79372.97,0.025,0.014940000956160049
3,129.6,8.5,79340.65,79372.97,0.025,0.014940000956160049
3,131.7,6.4,79338.8625,79372.97,0.025,0.014940000956160049
3,135.0,3.1,79339.745,79372.97,0.025,0.014940000956160049
3,138.0,0.1,79351.95,79372.97,0.025,0.014940000956160049
3,140.4,0.0,79371.155,79372.97,,
4,147.0,51.1,79385.09499999999,79351.95,0.909,
4,148.2,49.8,79396.05,79351.95,0.9205,
4,149.4,48.6,79396.75,79351.95,0.9655,
4,150.6,47.5,79397.45,79351.95,0.9655,
4,151.8,46.3,79397.985,79351.95,0.9655,
4,153.0,45.1,79397.985,79351.95,0.9655,
4,154.2,43.9,79397.985,79351.95,0.9655,
4,155.4,42.7,79397.985,79351.95,0.9725,
4,156.6,41.5,79396.65,79351.95,0.8195,0.5
4,157.8,40.3,79388.45,79351.95,0.8195,0.5
4,158.9,39.1,79374.15000000001,79351.95,0.8255,0.5036473678900809
4,160.1,37.9,79374.15000000001,79351.95,0.8255,0.5036473678900809
4,161.3,36.8,79374.15000000001,79351.95,0.831,0.5069672473394371
4,162.5,35.6,79373.985,79351.95,0.837,0.5105632641638655
4,163.7,34.4,79373.95000000001,79351.95,0.844,0.514724789162639
4,164.9,33.2,79373.95000000001,79351.95,0.844,0.514724789162639
4,166.1,32.0,79376.7,79351.95,0.844,0.514724789162639
4,167.3,30.8,79376.7,79351.95,0.85,0.5182628474938943
4,168.5,29.6,79373.425,79351.95,0.8575,0.5226478823984735
4,169.8,28.3,79366.855,79351.95,0.762,0.4636901098185888
4,171.0,27.1,79367.15,79351.95,0.77,0.4688883041075572
4,172.1,25.9,79367.15,79351.95,0.77,0.4688883041075572
4,173.3,24.7,79366.855,79351.95,0.778,0.4740394290152614
4,174.5,23.6,79366.855,79351.95,0.778,0.4740394290152614
4,175.7,22.4,79366.855,79351.95,0.787,0.4797779618369971
4,177.0,21.1,79366.855,79351.95,0.7965,0.48577020924699027
4,178.1,19.9,79366.855,79351.95,0.7965,0.48577020924699027
4,179.3,18.8,79366.855,79351.95,0.8075,0.4926248633971638
4,180.5,17.6,79366.855,79351.95,0.8135,0.4963258303724606
4,181.7,16.4,79369.45,79351.95,0.8195,0.5
4,182.9,15.2,79369.45,79351.95,0.885,0.538371029386923
4,184.1,14.0,79370.49500000001,79351.95,0.957,0.5769384682813422
4,185.3,12.8,79378.005,79351.95,0.957,0.5769384682813422
4,186.5,11.6,79379.65,79351.95,0.971,0.5840117627292133
4,187.7,10.4,79379.65,79351.95,0.978,0.587497698570557
4,188.9,9.2,79379.65,79351.95,0.984,0.5904589558866015
4,190.1,7.9,79379.65,79351.95,0.984,0.5904589558866015
4,191.3,6.8,79380.485,79351.95,0.984,0.5904589558866015
4,192.5,5.6,79382.435,79351.95,,
4,193.7,4.4,79387.07500000001,79351.95,,
4,194.9,3.2,79387.07500000001,79351.95,,
4,196.1,2.0,79387.75,79351.95,,
4,197.2,0.8,79387.75,79351.95,,
4,198.6,0.0,79390.77500000001,79351.95,,
4,199.8,0.0,79390.77500000001,79351.95,,